키워드,검색_URL,섹션,순번,컨텐츠_유형,제목,게시처,아이디,작성일,조회수,URL
PX기미크림,https://search.naver.com/search.naver?query=PX%EA%B8%B0%EB%AF%B8%ED%81%AC%EB%A6%BC,인기글,1,네이버 블로그,내돈내산 짙은 기미 개선! px화장품 AHC H멜라루트 크림 스페셜 기획세트 찐후기,알뜰살뜰 생활백서❤️,ssj144,4주 전,,https://blog.naver.com/ssj144/223811737403
PX기미크림,https://search.naver.com/search.naver?query=PX%EA%B8%B0%EB%AF%B8%ED%81%AC%EB%A6%BC,인기글,2,네이버 블로그,"군대 PX 군마트 화장품 추천 AHC 에이치 멜라루트 기미 크림 가격, 후기",독버섯의 PX 뷰티 하우스,love_holic_kc,2024.08.28.,,https://blog.naver.com/love_holic_kc/223564139100
PX기미크림,https://search.naver.com/search.naver?query=PX%EA%B8%B0%EB%AF%B8%ED%81%AC%EB%A6%BC,인기글,3,네이버 블로그,pX군마트 화장품 AHC 짙은기미개선 멜라크림세트,"일상 수다, 힐링& 정보공유",gamgamja1285,2025.01.27.,,https://blog.naver.com/gamgamja1285/223740275949
PX기미크림,https://search.naver.com/search.naver?query=PX%EA%B8%B0%EB%AF%B8%ED%81%AC%EB%A6%BC,인기글,4,네이버 블로그,피엑스 인기 화장품 군대 px 추천 기미 미백크림 기미 주근깨 차이,미니뷰티,jungeun9019,3주 전,,https://blog.naver.com/jungeun9019/223823666323
PX기미크림,https://search.naver.com/search.naver?query=PX%EA%B8%B0%EB%AF%B8%ED%81%AC%EB%A6%BC,인기글,5,네이버 블로그,"PX 화장품 추천, 유리프 앰플, AHC 기미크림, 자민경 달팽이크림",기록으로 되뇌는 공간,topgee,4주 전,,https://blog.naver.com/topgee/223816604464
PX기미크림,https://search.naver.com/search.naver?query=PX%EA%B8%B0%EB%AF%B8%ED%81%AC%EB%A6%BC,인기글,6,네이버 카페,리들샷 하이드롭 크림 시카 마일드 폼 클렌저 리들샷 하이드롭 크림 기획세트 수분가득 속건조 피부모공 한번에 잡는 진정한 후기 샷 이것이 리들샷이다............................안읽으면 후회~,헤이든 [ 수입 키즈패션 플리마켓 ],직구홀릭,1일 전,18,https://cafe.naver.com/lovehayden/7116169?art=ZXh0ZXJuYWwtc2VydmljZS1uYXZlci1zZWFyY2gtY2FmZS1wcg.eyJhbGciOiJIUzI1NiIsInR5cCI6IkpXVCJ9.eyJjYWZlVHlwZSI6IkNBRkVfVVJMIiwiY2FmZVVybCI6ImxvdmVoYXlkZW4iLCJhcnRpY2xlSWQiOjcxMTYxNjksImlzc3VlZEF0IjoxNzQ1MjU3MDAxODM2fQ.5F_sKaw_eS_ApJ3Pb6jwbgRQt4_MP4MM_i1_8IVZq1U
PX기미크림,https://search.naver.com/search.naver?query=PX%EA%B8%B0%EB%AF%B8%ED%81%AC%EB%A6%BC,인기글,7,네이버 블로그,AHC 기미크림 에이치 멜라크림 기획세트 PX화장품,좋은하루가 되길 님의 블로그,acasia652779,2024.07.06.,,https://blog.naver.com/acasia652779/223503131604
기미레이저종류,https://search.naver.com/search.naver?query=%EA%B8%B0%EB%AF%B8%EB%A0%88%EC%9D%B4%EC%A0%80%EC%A2%85%EB%A5%98,건강·의학 인기글,1,네이버 블로그,미사역피부과 기미 치료 전 꼭 알아야 할 레이저 종류 3가지,포미엘의원 | 꿀처럼 빛나는 피부,mm2gm,4주 전,,https://blog.naver.com/mm2gm/223811980680
기미레이저종류,https://search.naver.com/search.naver?query=%EA%B8%B0%EB%AF%B8%EB%A0%88%EC%9D%B4%EC%A0%80%EC%A2%85%EB%A5%98,건강·의학 인기글,2,웹사이트,제목 없음,웹사이트,,,,#
기미레이저종류,https://search.naver.com/search.naver?query=%EA%B8%B0%EB%AF%B8%EB%A0%88%EC%9D%B4%EC%A0%80%EC%A2%85%EB%A5%98,건강·의학 인기글,3,네이버 블로그,색소레이저 종류 공덕기미치료 후기 후관리 주의사항 딱지,❤️슈이니뷰티❤️,jetchoi,2024.09.21.,,https://blog.naver.com/jetchoi/223590837738
기미레이저종류,https://search.naver.com/search.naver?query=%EA%B8%B0%EB%AF%B8%EB%A0%88%EC%9D%B4%EC%A0%80%EC%A2%85%EB%A5%98,건강·의학 인기글,4,네이버 블로그,얼굴기미 레이저 종류비교,츄츄깅 daily life,woow0623,2024.07.17.,,https://blog.naver.com/woow0623/223515968464
기미레이저종류,https://search.naver.com/search.naver?query=%EA%B8%B0%EB%AF%B8%EB%A0%88%EC%9D%B4%EC%A0%80%EC%A2%85%EB%A5%98,건강·의학 인기글,5,네이버 블로그,기미잡티제거 레이저 종류 장희빈미안법 비교,딸 바보 아빠의 일상적인 이야기,ssayong1,2025.02.28.,,https://blog.naver.com/ssayong1/223778280254
기미레이저종류,https://search.naver.com/search.naver?query=%EA%B8%B0%EB%AF%B8%EB%A0%88%EC%9D%B4%EC%A0%80%EC%A2%85%EB%A5%98,건강·의학 인기글,6,네이버 블로그,기미레이저종류와 부작용 대신 장희빈미안법,59분 전,blackmak1234,2025.02.28.,,https://blog.naver.com/blackmak1234/223778112128
기미레이저종류,https://search.naver.com/search.naver?query=%EA%B8%B0%EB%AF%B8%EB%A0%88%EC%9D%B4%EC%A0%80%EC%A2%85%EB%A5%98,건강·의학 인기글,7,네이버 카페,청담피부과에서 기미레이저 받은 후기!!,『여우야』뷰티카페 (성형수술/화장품/성형후기/이벤트/체험단),비글댕댕,2025.03.13.,252,https://cafe.naver.com/feko/9277443?art=ZXh0ZXJuYWwtc2VydmljZS1uYXZlci1zZWFyY2gtY2FmZS1wcg.eyJhbGciOiJIUzI1NiIsInR5cCI6IkpXVCJ9.eyJjYWZlVHlwZSI6IkNBRkVfVVJMIiwiY2FmZVVybCI6ImZla28iLCJhcnRpY2xlSWQiOjkyNzc0NDMsImlzc3VlZEF0IjoxNzQ1MjU3MDExNzQ2fQ.jaZKKsa5qBXWgmDoTBrrh91ZMp2ph-L4M8ciLavzoxY
기미레이저종류,https://search.naver.com/search.naver?query=%EA%B8%B0%EB%AF%B8%EB%A0%88%EC%9D%B4%EC%A0%80%EC%A2%85%EB%A5%98,건강·의학 인기글,8,네이버 포스트,"여름철 피부 불청객 기미 없애는 법 (레이저 시술, 바르는 약) 주근깨 잡티 제거하려면?",건강박사,,2022.07.11.,,https://post.naver.com/viewer/postView.naver?volumeNo=34111976&memberNo=33518467&vType=VERTICAL
손검버섯,https://search.naver.com/search.naver?query=%EC%86%90%EA%B2%80%EB%B2%84%EC%84%AF,패션·미용 인기글,1,네이버 블로그,손 검버섯 증상 완화 돕는 영양제는,소심하고 소식하는 소소먹방,leeyj011,2024.09.29.,,https://blog.naver.com/leeyj011/223600935859
손검버섯,https://search.naver.com/search.naver?query=%EC%86%90%EA%B2%80%EB%B2%84%EC%84%AF,패션·미용 인기글,2,네이버 카페,손검버섯 관리 어떻게 하시나요?,척추질환 환우모임 [국내 최대의 모든 척추질환 커뮤니티 공간],u키미누u,2024.11.26.,131,https://cafe.naver.com/peopledisc/923311?art=ZXh0ZXJuYWwtc2VydmljZS1uYXZlci1zZWFyY2gtY2FmZS1wcg.eyJhbGciOiJIUzI1NiIsInR5cCI6IkpXVCJ9.eyJjYWZlVHlwZSI6IkNBRkVfVVJMIiwiY2FmZVVybCI6InBlb3BsZWRpc2MiLCJhcnRpY2xlSWQiOjkyMzMxMSwiaXNzdWVkQXQiOjE3NDUyNTcwMTk4MjV9.MR809-br7T8j6GVrSG-PMxJGXJ_IXxvOrd4g3efGhPM
손검버섯,https://search.naver.com/search.naver?query=%EC%86%90%EA%B2%80%EB%B2%84%EC%84%AF,패션·미용 인기글,3,네이버 블로그,손에 검버섯 이제부터 관리해요,mustapa의 소소로그,apecs,2024.12.27.,,https://blog.naver.com/apecs/223706086462
손검버섯,https://search.naver.com/search.naver?query=%EC%86%90%EA%B2%80%EB%B2%84%EC%84%AF,패션·미용 인기글,4,네이버 카페,손에 검버섯? 피부과치료로 가능한가요?,"레몬테라스 [인테리어,리폼,DIY,요리,결혼,육아,커뮤니티]",다섯손가락,2025.02.06.,753,https://cafe.naver.com/remonterrace/33266135?art=ZXh0ZXJuYWwtc2VydmljZS1uYXZlci1zZWFyY2gtY2FmZS1wcg.eyJhbGciOiJIUzI1NiIsInR5cCI6IkpXVCJ9.eyJjYWZlVHlwZSI6IkNBRkVfVVJMIiwiY2FmZVVybCI6InJlbW9udGVycmFjZSIsImFydGljbGVJZCI6MzMyNjYxMzUsImlzc3VlZEF0IjoxNzQ1MjU3MDE5ODI2fQ.q6TCtRhJ7HiJ8lZuiKpUFPcV9WTi7nN_Wp9jBZ-N45k
손검버섯,https://search.naver.com/search.naver?query=%EC%86%90%EA%B2%80%EB%B2%84%EC%84%AF,패션·미용 인기글,5,네이버 블로그,얼굴 손 검버섯 없애는법 천연팩으로 시작해요,딸 바보 아빠의 일상적인 이야기,ssayong1,2023.09.27.,,https://blog.naver.com/ssayong1/223222918066
손검버섯,https://search.naver.com/search.naver?query=%EC%86%90%EA%B2%80%EB%B2%84%EC%84%AF,패션·미용 인기글,6,네이버 블로그,손 팔뚝 검버섯 연고 없애는방법,향수를 든 남자,bestrod,2024.04.18.,,https://blog.naver.com/bestrod/223418833994
손검버섯,https://search.naver.com/search.naver?query=%EC%86%90%EA%B2%80%EB%B2%84%EC%84%AF,패션·미용 인기글,7,네이버 블로그,손에 난 검버섯 고삼 가루로 지우기,ode,odette-21,2025.02.18.,,https://blog.naver.com/odette-21/223764861370
